{
	"parent": "item/handheld",
	"textures": {
		"layer0": "item/carrot_on_a_stick"
	},
	"overrides": [
		{"predicate": {"custom_model_data":1}, "model": "item/sonic"},
		{"predicate": {"custom_model_data":2}, "model": "item/sunshot/sunshot"},
		{"predicate": {"custom_model_data":3}, "model": "item/sunshot/sunshotads"},
		{"predicate": {"custom_model_data":4}, "model": "item/sunshot/sunshotre1"},
		{"predicate": {"custom_model_data":5}, "model": "item/sunshot/sunshotre2"},
		{"predicate": {"custom_model_data":6}, "model": "item/sunshot/sunshotre3"},
		{"predicate": {"custom_model_data":7}, "model": "item/sunshot/sunshotre4"},
		{"predicate": {"custom_model_data":8}, "model": "item/sunshot/sunshotre5"},
		{"predicate": {"custom_model_data":9}, "model": "item/sunshot/sunshotre6"},
		{"predicate": {"custom_model_data":10}, "model": "item/sunshot/sunshotre7"},
		{"predicate": {"custom_model_data":11}, "model": "item/sunshot/sunshotre8"},
		{"predicate": {"custom_model_data":12}, "model": "item/sunshot/sunshotre9"},
		{"predicate": {"custom_model_data":13}, "model": "item/sunshot/sunshotre10"},
		{"predicate": {"custom_model_data":14}, "model": "item/sunshot/sunshotadsre1"},
		{"predicate": {"custom_model_data":15}, "model": "item/sunshot/sunshotadsre2"},
		{"predicate": {"custom_model_data":16}, "model": "item/sunshot/sunshotadsre3"},
		{"predicate": {"custom_model_data":17}, "model": "item/sunshot/sunshotadsre4"},
		{"predicate": {"custom_model_data":18}, "model": "item/sunshot/sunshotadsre5"},
		{"predicate": {"custom_model_data":19}, "model": "item/sunshot/sunshotadsre6"},
		{"predicate": {"custom_model_data":20}, "model": "item/sunshot/sunshotadsre7"},
		{"predicate": {"custom_model_data":21}, "model": "item/sunshot/sunshotadsre8"},
		{"predicate": {"custom_model_data":22}, "model": "item/sunshot/sunshotadsre9"},
		{"predicate": {"custom_model_data":23}, "model": "item/sunshot/sunshotadsre10"},
		{"predicate": {"custom_model_data":24}, "model": "item/sunshot/sunshotanimate/sunshotload1"},
		{"predicate": {"custom_model_data":25}, "model": "item/sunshot/sunshotanimate/sunshotload2"},
		{"predicate": {"custom_model_data":26}, "model": "item/sunshot/sunshotanimate/sunshotload3"},
		{"predicate": {"custom_model_data":27}, "model": "item/sunshot/sunshotanimate/sunshotload4"},
		{"predicate": {"custom_model_data":28}, "model": "item/sunshot/sunshotanimate/sunshotload5"},
		{"predicate": {"custom_model_data":29}, "model": "item/sunshot/sunshotanimate/sunshotload6"},
		{"predicate": {"custom_model_data":30}, "model": "item/sunshot/sunshotanimate/sunshotload7"},
		{"predicate": {"custom_model_data":31}, "model": "item/sunshot/sunshotanimate/sunshotload8"},
		{"predicate": {"custom_model_data":32}, "model": "item/sunshot/sunshotanimate/sunshotload9"},
		{"predicate": {"custom_model_data":33}, "model": "item/sunshot/sunshotanimate/sunshotload10"},
		{"predicate": {"custom_model_data":34}, "model": "item/sunshot/sunshotanimate/sunshotload11"},
		{"predicate": {"custom_model_data":35}, "model": "item/sunshot/sunshotanimate/sunshotload12"},
		{"predicate": {"custom_model_data":36}, "model": "item/sunshot/sunshotanimate/sunshotload13"},
		{"predicate": {"custom_model_data":37}, "model": "item/sunshot/sunshotanimate/sunshotload14"},
		{"predicate": {"custom_model_data":38}, "model": "item/sunshot/sunshotanimate/sunshotload15"},
		{"predicate": {"custom_model_data":39}, "model": "item/sunshot/sunshotanimate/sunshotload16"},
		{"predicate": {"custom_model_data":40}, "model": "item/sunshot/sunshotanimate/sunshotload17"},
		{"predicate": {"custom_model_data":41}, "model": "item/sunshot/sunshotanimate/sunshotload18"},
		{"predicate": {"custom_model_data":42}, "model": "item/sunshot/sunshotanimate/sunshotload19"},
		{"predicate": {"custom_model_data":43}, "model": "item/sunshot/sunshotanimate/sunshotload20"},
		{"predicate": {"custom_model_data":44}, "model": "item/sunshot/sunshotanimate/sunshotload21"},
		{"predicate": {"custom_model_data":45}, "model": "item/sunshot/sunshotanimate/sunshotload22"},
		{"predicate": {"custom_model_data":46}, "model": "item/sunshot/sunshotanimate/sunshotload23"},
		{"predicate": {"custom_model_data":47}, "model": "item/sunshot/sunshotanimate/sunshotload24"},
		{"predicate": {"custom_model_data":48}, "model": "item/sunshot/sunshotanimate/sunshotload25"},
		{"predicate": {"custom_model_data":49}, "model": "item/sunshot/sunshotanimate/sunshotload26"},
		{"predicate": {"custom_model_data":50}, "model": "item/sunshot/sunshotanimate/sunshotload27"},
		{"predicate": {"custom_model_data":51}, "model": "item/sunshot/sunshotanimate/sunshotload28"},
		{"predicate": {"custom_model_data":52}, "model": "item/sunshot/sunshotanimate/sunshotload29"},
		{"predicate": {"custom_model_data":53}, "model": "item/sunshot/sunshotanimate/sunshotload30"},
		{"predicate": {"custom_model_data":54}, "model": "item/sunshot/sunshotaim1"},
		{"predicate": {"custom_model_data":55}, "model": "item/sunshot/sunshotaim2"},
		{"predicate": {"custom_model_data":56}, "model": "item/sunshot/sunshotsprint"},
		{"predicate": {"custom_model_data":70}, "model": "item/gravitonlance/gravitonlance"},
		{"predicate": {"custom_model_data":71}, "model": "item/gravitonlance/gravitonlanceads"},
		{"predicate": {"custom_model_data":72}, "model": "item/gravitonlance/animate/gravitonlanceaim1"},
		{"predicate": {"custom_model_data":73}, "model": "item/gravitonlance/animate/gravitonlanceaim2"},
		{"predicate": {"custom_model_data":74}, "model": "item/gravitonlance/animate/gravitonlancere1"},
		{"predicate": {"custom_model_data":75}, "model": "item/gravitonlance/animate/gravitonlancere2"},
		{"predicate": {"custom_model_data":76}, "model": "item/gravitonlance/animate/gravitonlancere3"},
		{"predicate": {"custom_model_data":77}, "model": "item/gravitonlance/animate/gravitonlancere4"},
		{"predicate": {"custom_model_data":78}, "model": "item/gravitonlance/animate/gravitonlancere5"},
		{"predicate": {"custom_model_data":79}, "model": "item/gravitonlance/animate/gravitonlancere6"},
		{"predicate": {"custom_model_data":80}, "model": "item/gravitonlance/animate/gravitonlanceload1"},
		{"predicate": {"custom_model_data":81}, "model": "item/gravitonlance/animate/gravitonlanceload2"},
		{"predicate": {"custom_model_data":82}, "model": "item/gravitonlance/animate/gravitonlanceload3"},
		{"predicate": {"custom_model_data":83}, "model": "item/gravitonlance/animate/gravitonlanceload4"},
		{"predicate": {"custom_model_data":84}, "model": "item/gravitonlance/animate/gravitonlanceload5"},
		{"predicate": {"custom_model_data":85}, "model": "item/gravitonlance/animate/gravitonlanceload6"},
		{"predicate": {"custom_model_data":86}, "model": "item/gravitonlance/animate/gravitonlanceload7"},
		{"predicate": {"custom_model_data":87}, "model": "item/gravitonlance/animate/gravitonlanceload8"},
		{"predicate": {"custom_model_data":88}, "model": "item/gravitonlance/animate/gravitonlanceload9"},
		{"predicate": {"custom_model_data":89}, "model": "item/gravitonlance/animate/gravitonlanceload10"},
		{"predicate": {"custom_model_data":90}, "model": "item/gravitonlance/animate/gravitonlanceload11"},
		{"predicate": {"custom_model_data":91}, "model": "item/gravitonlance/animate/gravitonlanceload12"},
		{"predicate": {"custom_model_data":92}, "model": "item/gravitonlance/animate/gravitonlanceload13"},
		{"predicate": {"custom_model_data":93}, "model": "item/gravitonlance/animate/gravitonlanceload14"},
		{"predicate": {"custom_model_data":94}, "model": "item/gravitonlance/animate/gravitonlanceload15"},
		{"predicate": {"custom_model_data":95}, "model": "item/gravitonlance/animate/gravitonlanceload16"},
		{"predicate": {"custom_model_data":96}, "model": "item/gravitonlance/animate/gravitonlanceload17"},
		{"predicate": {"custom_model_data":97}, "model": "item/gravitonlance/animate/gravitonlanceload18"},
		{"predicate": {"custom_model_data":98}, "model": "item/gravitonlance/animate/gravitonlanceload20"},
		{"predicate": {"custom_model_data":99}, "model": "item/gravitonlance/gravitonlancesprint"},
		{"predicate": {"custom_model_data":120}, "model": "item/recluse/recluse"},
		{"predicate": {"custom_model_data":121}, "model": "item/recluse/recluseads"},
		{"predicate": {"custom_model_data":122}, "model": "item/recluse/animate/recluseaim1"},
		{"predicate": {"custom_model_data":123}, "model": "item/recluse/animate/recluseaim2"},
		{"predicate": {"custom_model_data":124}, "model": "item/recluse/animate/reclusere1"},
		{"predicate": {"custom_model_data":125}, "model": "item/recluse/animate/reclusere2"},
		{"predicate": {"custom_model_data":126}, "model": "item/recluse/animate/recluseadsre1"},
		{"predicate": {"custom_model_data":127}, "model": "item/recluse/animate/recluseadsre2"},
		{"predicate": {"custom_model_data":131}, "model": "item/recluse/animate/recluseload1"},
		{"predicate": {"custom_model_data":132}, "model": "item/recluse/animate/recluseload2"},
		{"predicate": {"custom_model_data":133}, "model": "item/recluse/animate/recluseload3"},
		{"predicate": {"custom_model_data":134}, "model": "item/recluse/animate/recluseload4"},
		{"predicate": {"custom_model_data":135}, "model": "item/recluse/animate/recluseload5"},
		{"predicate": {"custom_model_data":136}, "model": "item/recluse/animate/recluseload6"},
		{"predicate": {"custom_model_data":137}, "model": "item/recluse/animate/recluseload7"},
		{"predicate": {"custom_model_data":138}, "model": "item/recluse/animate/recluseload8"},
		{"predicate": {"custom_model_data":139}, "model": "item/recluse/animate/recluseload9"},
		{"predicate": {"custom_model_data":140}, "model": "item/recluse/animate/recluseload10"},
		{"predicate": {"custom_model_data":141}, "model": "item/recluse/animate/recluseload11"},
		{"predicate": {"custom_model_data":142}, "model": "item/recluse/animate/recluseload12"},
		{"predicate": {"custom_model_data":143}, "model": "item/recluse/animate/recluseload13"},
		{"predicate": {"custom_model_data":144}, "model": "item/recluse/animate/recluseload14"},
		{"predicate": {"custom_model_data":145}, "model": "item/recluse/animate/recluseload15"},
		{"predicate": {"custom_model_data":146}, "model": "item/recluse/animate/recluseload16"},
		{"predicate": {"custom_model_data":147}, "model": "item/recluse/animate/recluseload17"},
		{"predicate": {"custom_model_data":148}, "model": "item/recluse/animate/recluseload18"},
		{"predicate": {"custom_model_data":149}, "model": "item/recluse/animate/recluseload19"},
		{"predicate": {"custom_model_data":150}, "model": "item/recluse/animate/recluseload20"},
		{"predicate": {"custom_model_data":151}, "model": "item/recluse/animate/recluseload21"},
		{"predicate": {"custom_model_data":152}, "model": "item/recluse/animate/recluseload22"},
		{"predicate": {"custom_model_data":153}, "model": "item/recluse/animate/recluseload23"},
		{"predicate": {"custom_model_data":154}, "model": "item/recluse/animate/recluseload24"},
		{"predicate": {"custom_model_data":155}, "model": "item/recluse/animate/recluseload25"},
		{"predicate": {"custom_model_data":156}, "model": "item/recluse/animate/recluseload26"},
		{"predicate": {"custom_model_data":157}, "model": "item/recluse/animate/recluseload27"},
		{"predicate": {"custom_model_data":158}, "model": "item/recluse/animate/recluseload28"},
		{"predicate": {"custom_model_data":159}, "model": "item/recluse/animate/recluseload29"},
		{"predicate": {"custom_model_data":160}, "model": "item/recluse/animate/recluseload30"},
		{"predicate": {"custom_model_data":161}, "model": "item/recluse/animate/recluseload31"},
		{"predicate": {"custom_model_data":162}, "model": "item/recluse/animate/recluseload32"},
		{"predicate": {"custom_model_data":163}, "model": "item/recluse/animate/recluseload33"},
		{"predicate": {"custom_model_data":164}, "model": "item/recluse/animate/recluseload34"},
		{"predicate": {"custom_model_data":165}, "model": "item/recluse/animate/recluseload35"},
		{"predicate": {"custom_model_data":166}, "model": "item/recluse/animate/recluseload36"},
		{"predicate": {"custom_model_data":167}, "model": "item/recluse/animate/recluseload37"},
		{"predicate": {"custom_model_data":168}, "model": "item/recluse/animate/recluseload38"},
		{"predicate": {"custom_model_data":169}, "model": "item/recluse/animate/recluseload39"},
		{"predicate": {"custom_model_data":170}, "model": "item/recluse/animate/recluseload40"},
		{"predicate": {"custom_model_data":171}, "model": "item/recluse/animate/recluseload41"},
		{"predicate": {"custom_model_data":172}, "model": "item/recluse/animate/recluseload42"},
		{"predicate": {"custom_model_data":173}, "model": "item/recluse/animate/recluseload43"},
		{"predicate": {"custom_model_data":174}, "model": "item/recluse/reclusesprint"}
	]
}
